Username,Password,PasswordConfirm,Firstname,Lastname,address1,address2
Alexs,vjkjrj,vjkjrj,Alexander,Smirnov,Alley,Moscow
Bill,lliB,lliB,Bill,Bill,Dove,Paris
Lisa,asiL,asiL,Lisa,L,Bridge,New York
Alice,ecilA,ecilA,Alice,Bean,Sun,London
Mia,aiM,aiM,Mia,Li,Alley2,Berlin
Mira,ariM,ariM,Mira,Rev,Alley3,Minsk
Lira,ariL,ariL,Lira,Vo,Alley4,Rio
Anton,notnA,notnA,Anton,Sergeev,Alley5,Tver
Gerald,dlareG,dlareG,Gerald,Ber,Alley6,Berlin
Bin,niB,niB,Bin,Bin,Alley7,London
